Predicted Price,True Price
173968.44902818228,130500.0
235438.36689631702,220000.0
143040.5205958317,109000.0
143993.77305904828,174000.0
146425.93056332608,138500.0
213821.11517091517,190000.0
140389.41717733807,140000.0
134235.1966913992,142000.0
103429.05409972706,112500.0
183937.30484271536,135000.0
97858.66340629186,85400.0
181448.53699451755,183600.0
146126.07697904384,131000.0
201398.27210030513,200000.0
200370.87969083025,193000.0
177201.6844483201,173500.0
103083.6687177475,98000.0
130442.00509676669,139000.0
145743.18093989423,143500.0
204339.51921396793,215200.0
126519.90427753622,129000.0
252821.7990291439,278000.0
295597.91015301965,344133.0
183505.8372340097,185000.0
133073.9644063031,145000.0
187340.69466212482,187500.0
136997.74547490056,138500.0
177060.47879912882,198000.0
101026.74801929461,119600.0
123035.00086261844,122900.0
275606.9757232457,278000.0
194749.3964446165,230000.0
219794.85171803756,270000.0
121491.36792066596,125000.0
291773.7494641775,297000.0
130868.2475304414,113500.0
126783.64332195622,127000.0
209920.3359375143,190000.0
162185.68928422354,175500.0
147814.31523314322,146000.0
142744.25576078187,147500.0
429705.9176154098,465000.0
162084.82067736334,165500.0
132814.76660793312,131500.0
127810.14098521112,129500.0
204088.24838258026,257076.0
136277.81828493802,117000.0
161096.77605371797,149000.0
121186.92186792812,128000.0
172065.67636357225,155000.0
164871.4491919615,166000.0
128026.68471182774,135000.0
284811.93170338013,250000.0
91372.70643662699,76000.0
146826.3643000935,155000.0
143570.02141772507,158000.0
160407.0750793714,149500.0
122323.00439004989,121000.0
130835.75901242648,136000.0
183879.68337450965,173000.0
309247.5536284996,290000.0
298637.66798695916,303477.0
266813.81569972244,270000.0
109565.60923288052,122250.0
139805.96598745268,153000.0
127200.85016219135,147000.0
162503.66123958852,148500.0
138312.0196991632,130000.0
338807.2299955853,372000.0
199156.35752474566,213490.0
236194.48156031236,308030.0
295702.42577632354,300000.0
157063.3348578776,159500.0
133958.32758312137,137500.0
225843.5792445873,232000.0
78916.83552128814,93850.0
85149.2516465932,105000.0
71828.13499301142,68500.0
152535.98866766252,154300.0
122081.82704331032,129850.0
114436.46913853544,114000.0
401912.8232949952,501837.0
139046.26350031447,153900.0
125569.64205871474,130000.0
163635.07986572586,160500.0
283164.81703815534,310090.0
189599.89303757844,184900.0
135678.15087380493,132000.0
153267.54528903577,163000.0
168298.26604606217,155000.0
180215.50147317845,183000.0
234670.4846558768,211000.0
168661.30915659803,184000.0
115569.63536759253,118858.0
157700.17968597368,180500.0
185987.00002537147,166000.0
157953.68230325967,148000.0
120687.92674067164,124000.0
281530.5745031034,277500.0
304447.70748478145,350000.0
382760.2609246813,387000.0
87994.28293650733,86000.0
309614.00302869064,290000.0
51129.86928216045,44000.0
220973.9900447751,215000.0
150113.56591765574,146500.0
173177.90421303207,165000.0
158211.5232918314,136000.0
228659.27621634665,252000.0
173414.5144627975,175500.0
128991.31180929295,150000.0
133229.19699859424,139900.0
143497.40762656345,162900.0
138338.57984307915,160000.0
50867.01822992875,63900.0
183625.34354957947,184000.0
152853.71416988925,149900.0
269405.8740200725,300000.0
141913.55920235027,145000.0
202529.27896331018,231500.0
120122.81974267605,108000.0
127400.56645857042,120000.0
123608.70694507164,128500.0
102693.43564453769,115000.0
108121.69225148084,110000.0
299082.910555825,150000.0
204712.22980055853,178000.0
214900.9194874866,199500.0
181395.031313741,183500.0
129668.04175770073,126000.0
135325.06205761127,148500.0
147392.25456408339,149000.0
143044.5816610448,137900.0
278612.62055813754,324000.0
94799.5117403585,98000.0
94041.52603762284,103400.0
105110.92401804755,94000.0
228579.45806877367,209500.0
483497.0610159659,545224.0
136563.2511518743,159900.0
114721.47365999324,141000.0
194434.14021416544,215000.0
154633.62643043252,127000.0
148162.00734312748,128000.0
286882.2157542889,267916.0
133153.51810194436,127500.0
176853.82806134,198500.0
182957.65726805327,175500.0
222267.41245229277,217500.0
132274.43103284255,149500.0
157482.1238620616,148800.0
446116.5565679767,556581.0
166287.2207334033,156500.0
239472.8645263923,237000.0
123309.34795065975,120000.0
196669.94046752751,203000.0
174098.0351847586,130000.0
176584.8282539981,167900.0
112928.74520501494,129000.0
140743.74410769125,134450.0
150672.08600075467,112000.0
220661.64274270463,207000.0
79195.51805447982,62500.0
189642.0545246875,154000.0
120898.62094521825,129900.0
91743.53888991577,85000.0
119374.37562558202,116900.0
141110.3799117301,148500.0
96835.10477769766,80000.0
135901.86213043227,152000.0
107131.81981353169,155891.0
137917.58463830702,165000.0
185751.5219148399,204500.0
150311.68451332996,146500.0
185384.9260997464,157000.0
216436.75214319513,184000.0
185451.28786152194,183200.0
126870.46022796309,139000.0
303937.2195112307,341000.0
92928.28333581134,96000.0
128007.0777360183,140000.0
140760.79630371873,149700.0
152721.0948008017,153500.0
14122.142648478468,13100.0
207963.9763447965,224900.0
191821.45588084258,176000.0
303701.56780616054,285000.0
268196.33751132153,282922.0
225560.31798861225,226000.0
315374.30416742596,361919.0
455351.3574742999,457347.0
271523.7312120866,279000.0
202039.27688675086,196000.0
169416.20696910625,152000.0
182233.98505137366,200000.0
281419.57387562783,294900.0
187584.5900815773,224243.0
101476.80711873069,92000.0
189644.78514869188,179540.0
427962.53054418357,386250.0
95803.99283151212,106500.0
363777.427192845,310000.0
252614.1285849477,252000.0
173862.09627794195,164000.0
172721.2601649078,177594.0
116129.95993151405,123900.0
230890.75481574098,239000.0
147466.72485211494,169000.0
191454.56464539468,234000.0
188114.80647845656,173000.0
160637.8212149259,149000.0
172017.1150819311,170000.0
205686.25903516772,225000.0
145665.58731049494,144900.0
150572.2458587639,144000.0
189960.16337189547,192000.0
147721.10034029384,145500.0
95252.75341328343,86900.0
160913.7065604483,149500.0
119174.04591163152,119750.0
164561.68052980525,173900.0
130942.74150991515,136500.0
283452.36722977896,270000.0
206336.22809298348,235000.0
168187.8562064149,156000.0
149120.57906952006,153000.0
167665.7045072617,165000.0
315445.30959718523,325000.0
133526.17893854078,140000.0
185054.82349181926,202500.0
309269.0854106589,367294.0
200883.79569478618,175000.0
191825.11702883913,140000.0
193268.85338249197,174000.0
187973.72716571044,190000.0
120238.31537832273,129000.0
225865.09212748002,200000.0
192067.94478066266,193500.0
160072.79232661513,145000.0
201822.8305232833,218000.0
139249.81583641152,135000.0
159503.48324624996,146500.0
200238.04492282026,194700.0
201065.67139821599,230348.0
105460.96950774686,109500.0
223165.06151440484,242500.0
232752.24530457566,239000.0
160976.32980395565,156000.0
113661.53607984702,109008.0
57958.17427474897,68104.0
315488.2574228066,290000.0
146696.71009908797,159000.0
89044.62439391158,87000.0
256057.23742875783,272000.0
199584.45054977946,198000.0
118469.7039541324,119164.0
84334.69313753779,93000.0
221564.91968165504,226750.0
97825.1399145141,95000.0
127882.61528097291,139900.0
78821.81638749837,76500.0
82192.07113932392,86900.0
147758.05135037773,152500.0
106485.25395986917,99000.0
81371.73801206642,82500.0
185832.50695929033,179200.0
134595.89311451084,142500.0
100941.80462743761,115400.0
239950.47208078948,226000.0
153112.50636835434,144152.0
353432.3483053564,370000.0
137078.9168633844,149900.0
167321.28903703176,172785.0
139928.7641914036,129000.0
184507.64025742633,181000.0
150590.3725352831,148000.0
122822.29674768096,117250.0
200131.06469089072,192500.0
146538.0420723378,151000.0
115097.68693125769,112500.0
107179.1664331129,144000.0
320268.63881312165,370967.0
141091.30033830844,149900.0
184674.53499653202,195000.0
169631.21901226937,163900.0
188390.77516325333,182000.0
361429.9287754694,410000.0
173761.72523304995,152000.0
184213.82506723743,184000.0
207373.91170898938,206300.0
152255.11505383797,146500.0
109947.30558543351,108000.0
192198.6331016175,170000.0
128982.37843054543,145000.0
142074.96558397944,123000.0
166978.89156703633,173000.0
109360.20620525055,105900.0
96793.0938557667,91000.0
154408.11566439611,158000.0
187604.3771323101,190000.0
208722.2942615899,217500.0
149448.3837364288,165500.0
183280.99384918445,174500.0
119560.85315077221,100000.0
155193.06549048817,172000.0
119460.51806518677,120000.0
84660.6706299627,82000.0
140249.44170568095,127000.0
141408.41794765875,129500.0
220663.0081523494,187500.0
307014.1828688126,300000.0
181293.83576749652,190000.0
104273.75240577875,96000.0
210051.67385491892,241000.0
127694.57663808833,143900.0
84451.2385228656,87550.0
291392.5931938705,319900.0
373049.98817303206,356383.0
255443.70175728705,239000.0
273660.96508070116,287500.0
120402.77368521513,128500.0
193448.39627656058,185088.0
197868.01299993132,229800.0
122764.76976935517,124500.0
130086.32565445089,142000.0
140709.36698369074,149000.0
136445.45024371237,135000.0
133138.14231088487,128000.0
388925.5325852012,430000.0
136662.10785233375,145000.0
147338.43554605378,139000.0
207952.05560692193,178000.0
482182.5628425456,460000.0
181199.0879477408,214500.0
132586.75111335053,160000.0
210765.3506476304,214000.0
124738.3117562009,128900.0
166091.05816853765,168000.0
302776.9344330655,310013.0
170241.08847236013,170000.0
117804.61284230447,133700.0
172639.20781991474,165000.0
91249.01750761655,89500.0
126556.57330699557,140000.0
135076.1967521818,134000.0
189857.1373864169,248500.0
140565.97975981538,145000.0
170522.39248734666,179900.0
275756.7124962633,147000.0
136069.58855900503,136000.0
139809.0166921221,128000.0
106901.4068166911,88750.0
120760.47184305667,122500.0
134478.1598977874,97500.0
134312.44700097703,135000.0
345804.59545767074,314813.0
73025.67861632988,85000.0
130167.61066664702,134900.0
140501.20992594465,137000.0
348947.3815425285,350000.0
154086.63319333948,145000.0
381572.3003547678,418000.0
69587.9034024508,64000.0
126756.74005865291,159434.0
264224.94368077733,260261.0
114699.98576109127,166000.0
122544.81898663366,130000.0
103622.81371481305,112000.0
150820.5862416858,155000.0
248848.0219722741,269500.0
159080.37286578817,172000.0
195183.74161477125,219500.0
118144.25899398516,133500.0
172593.39761079245,170000.0
180112.4864501982,150000.0
121385.04684698487,130000.0
137983.90173715915,143000.0
130286.60978665645,140000.0
285982.3367911308,244000.0
103884.28273106614,101000.0
111544.25173748819,125000.0
175783.71401399342,183000.0
131687.978162463,104000.0
122333.42212166626,112500.0
201758.7178886941,207500.0
227400.36571173824,225000.0
126333.51354702227,119900.0
241130.39891355563,293000.0
177983.9034493352,180000.0
151902.58336260988,169900.0
122735.11769309579,112000.0
152150.23498405464,152000.0
315426.09291685355,300000.0
141854.85931090728,107000.0
125773.94553748262,122500.0
96526.10257017368,89000.0
100754.48817224104,95000.0
145489.3094158705,143450.0
333376.72634920815,376162.0
140834.00117297558,167500.0
145557.7683575967,153337.0
126330.48075943964,103600.0
121372.18650417605,128200.0
160785.74238223143,177500.0
342115.7115241795,320000.0
186276.6000925539,190000.0
87936.35527000291,91500.0
103001.8572226218,93000.0
77157.77452658613,40000.0
124110.80981452446,127000.0
72058.2885127806,50138.0
149045.00186874456,148000.0
102324.55216718472,120500.0
144310.743612569,139500.0
289024.29543287214,320000.0
231296.69405738174,219000.0
131482.40687097108,131000.0
168617.4515505526,171925.0
175396.96403632543,177900.0
142766.71367222586,141500.0
187333.774697615,191000.0
159412.00200284517,158000.0
245038.13301124366,248900.0
160641.02761116566,175000.0
180760.87811313992,185900.0
166399.71791933017,163000.0
89075.59977251985,115000.0
152682.3683412637,157500.0
244393.9554688324,245000.0
225589.5281395644,180000.0
159860.9345957164,148800.0
252075.55236585878,237000.0
53996.36012313742,60000.0
130828.60856592828,165000.0
224968.50424757984,240000.0
164498.96046379048,160000.0
121912.0462281678,128000.0
76113.34850786396,82000.0
236785.30792528813,256000.0
161693.09449963731,143000.0
198549.19956472158,231713.0
152049.1045073027,155000.0
125128.44070452593,128500.0
160278.58185713523,168000.0
194652.21800864232,184000.0
101977.47107526146,124000.0
172570.78769954137,185000.0
231154.36191196227,230500.0
238790.5734523003,227000.0
174558.56782049823,173500.0
129911.74927488934,140000.0
239147.91690158236,247000.0
142437.96378909724,149900.0
161656.53460526705,158000.0
149003.84531753286,147110.0
122631.12729189069,119500.0
166201.05279464633,205000.0
142719.55692753926,148000.0
250759.4374922043,236500.0
129691.6189650908,137000.0
118089.6152105287,122000.0
185440.840578147,176485.0
90707.54950451765,109000.0
321313.51535520016,330000.0
117461.85399206166,143000.0
413070.23521216266,410000.0
185125.52536484087,201000.0
117266.69143689319,80000.0
239477.78709032814,259500.0
287208.1756934982,279900.0
154610.45067037895,154000.0
107399.13567611839,128000.0
261235.67522427355,256300.0
164092.11039487645,188000.0
310201.67433348636,312500.0
153166.23119392627,151000.0
118404.07776046255,122500.0
197568.35004334326,188000.0
209639.37708529815,209700.0
351509.1001896743,441929.0
183322.602935694,163000.0
232740.80196559182,187500.0
249942.04538364118,220000.0
134336.268625361,127000.0
98631.52213819117,107500.0
131261.27820826124,128000.0
76302.71195614515,73000.0
359901.40974414826,374000.0
365100.6932774555,421250.0
169090.99575597772,178000.0
136932.76544058978,137500.0
311687.32236580225,301500.0
112316.17038919924,105000.0
157221.8262778338,157500.0
87742.96609160204,117000.0
105742.10754589966,105000.0
118931.42777472732,115000.0
303222.1221703676,360000.0
115695.1135234035,118858.0
176530.35361538015,173000.0
83777.56266246739,78500.0
193756.9204321129,183500.0
81709.22125416448,93000.0
243847.59626321576,226500.0
179299.3576912729,178000.0
217989.5998093761,226000.0
179095.08411009752,173000.0
115045.6847978362,62383.0
407568.66309239477,446261.0
175143.12272242815,160000.0
208802.66758274837,219990.0
188387.988431115,191000.0
118153.48608882629,136500.0
75751.33555095823,80000.0
217008.93063311462,229000.0
226781.65414815734,236000.0
349537.42425859807,392000.0
146787.80609805917,149000.0
292944.764776878,345000.0
165249.87104334662,169000.0
90482.98903270347,109900.0
226239.83548994892,188000.0
131911.76619365605,132500.0
144208.77226299763,143000.0
141701.68898895674,125000.0
376784.10604723665,415000.0
109450.7524966139,125500.0
170482.88980663638,139000.0
433722.36291354935,451950.0
124903.9334525374,119900.0
212206.3139585841,220000.0
179180.40804224808,167300.0
128284.36987108314,122000.0
134982.52657842665,125000.0
106207.45387435223,112500.0
203326.57830852395,191000.0
141628.52128722728,136000.0
197104.38446137542,197900.0
133989.5019199332,117000.0
196175.35310253134,194000.0
247066.5581696228,285000.0
131559.44373143406,127500.0
269281.84905127995,268000.0
126753.58803512978,137000.0
219747.38484108422,215000.0
131169.60894516337,129500.0
115105.29540051997,115000.0
105844.3345298924,114000.0
112531.06826727306,107000.0
115855.08416609143,118500.0
125844.14563632385,120000.0
250859.9515911301,260000.0
127974.19079337778,136000.0
108668.37703012642,123000.0
98361.72736569228,89500.0
177532.93882076186,199500.0
114357.26707019813,109900.0
254424.6730478476,234000.0
137618.7672244539,155900.0
156713.97405669352,161500.0
148243.44850976608,137500.0
101936.54784260287,76500.0
210139.4900893124,211000.0
168420.97833376372,181000.0
164288.61278971194,174900.0
166292.75081795093,164500.0
220517.37983309178,214000.0
196212.66395800098,185000.0
118865.82926692776,123000.0
185624.5848902902,183500.0
171941.01678580063,174000.0
136906.76875210297,130000.0
171072.59608874444,178000.0
174123.73308266842,189900.0
134870.8739054881,144000.0
127023.27697027693,120500.0
142247.7112462526,145000.0
251527.83649333136,251000.0
125682.76434356242,136500.0
75659.00319192953,82500.0
54892.617128871825,57625.0
225663.80899926188,212500.0
165621.41154015635,164000.0
139581.1509822806,139000.0
158541.45897829454,160000.0
138359.41364615262,149000.0
120211.61958249345,130000.0
144950.7174356541,140000.0
246533.29460991448,264500.0
136372.55927820102,141000.0
183559.3241398048,199900.0
169570.04198387542,167900.0
186914.83943164005,181900.0
255824.11652836303,262500.0
254150.5117283742,230000.0
287279.0684435573,328900.0
260955.53417619286,232698.0
227963.71450362806,221800.0
135043.0460884373,152400.0
205575.4068948894,213000.0
176968.96180019344,184900.0
150417.97043214383,157000.0
140017.5437605178,144000.0
190188.47775926662,192350.0
177385.38262942125,163500.0
254265.03987683947,262280.0
219809.62032724326,214000.0
221265.44186056626,230000.0
263516.3455219604,280000.0
111309.05831800331,140000.0
152695.80510990514,155000.0
61649.831711410334,64500.0
235187.03571264367,218000.0
140581.4174961491,160000.0
216245.0861678344,208900.0
263899.98664278403,284700.0
158958.20033886496,146000.0
225215.45526917995,245500.0
121014.55395934958,113000.0
356407.56106025155,296000.0
391141.2504679284,377426.0
387849.7639031804,337500.0
471411.2545166107,552000.0
102411.61323592026,97900.0
178428.41637081798,208300.0
210966.37099514858,213000.0
196277.61687613008,188000.0
158015.9236739589,162000.0
131702.5593226643,152000.0
240105.688538725,254900.0
208160.57226897916,189000.0
252374.76821324797,235000.0
118333.38422682793,125000.0
115047.61801034371,120000.0
22546.49926193266,81500.0
104126.75618601483,118500.0
337136.2463226342,370878.0
162354.18753674388,145000.0
270865.97443943255,311500.0
195495.24666726336,210250.0
220081.78024196628,200000.0
125456.77901415744,126000.0
100416.17826590866,114000.0
97511.49614373446,87500.0
373919.199571698,349265.0
235555.67509361965,203000.0
201241.84730985836,189000.0
211965.87144178915,209000.0
141203.85652283716,160000.0
125881.51572000851,129000.0
170074.83938523926,170000.0
95278.87131173332,90350.0
84418.79891929108,79000.0
132612.95430433174,149900.0
120684.25885453184,123000.0
99628.18260727261,87000.0
168108.18972318666,171000.0
130470.14728314523,119000.0
127948.21664923185,132500.0
149014.79223185228,161000.0
294254.3134124114,274000.0
113582.08408729649,125000.0
100411.67326359753,98500.0
281937.6606733426,262000.0
129866.25972209488,134900.0
168069.65243890366,170000.0
147991.51016460807,135000.0
259793.11385502262,290000.0
178729.5454149997,173500.0
196555.65206869465,225000.0
141310.91942319076,140500.0
130962.0525308159,126000.0
200188.1197863447,170000.0
145127.2726287635,156000.0
191401.26092302788,207500.0
238759.79113428638,255000.0
103902.37412985903,94900.0
132379.91593338244,140000.0
94600.03624399092,96900.0
152303.12484374346,154000.0
205211.9241316681,184900.0
413080.3219356166,385000.0
104469.89179780934,106500.0
345152.3125852544,327000.0
421530.18516736286,468000.0
131759.71494178812,135000.0
143610.4224935208,142500.0
136677.3109606939,141000.0
129329.41213968715,107500.0
115455.04007052274,108500.0
146932.10572944084,150000.0
53910.18209537124,78000.0
228933.02484402055,235128.0
317262.9635761472,302000.0
160848.4203782792,163000.0
62837.01226191236,84900.0
135215.5287484166,147000.0
162360.60686413237,155000.0
193696.42527555837,180000.0
64829.159766380704,55000.0
199046.21381564398,187500.0
148479.63172191297,125000.0
220433.32220283605,250000.0
82578.23178518785,78000.0
109179.309441763,118000.0
265651.95331391634,318000.0
223446.33791523593,215000.0
61236.055853714955,72000.0
180300.5568944356,180000.0
188630.85444176724,184000.0
137275.10336319552,124500.0
130571.25654601662,135000.0
168083.20529806087,164900.0
145519.26531975908,140000.0
119008.10884361394,128000.0
164931.68313056204,153000.0
125358.7730007663,127500.0
159651.27027026654,141500.0
349487.51493362716,325000.0
206587.97649643966,188500.0
178789.33357862764,185000.0
139584.24452228524,146000.0
122706.1756318576,119000.0
103917.23484644994,112000.0
200422.8235958112,197000.0
377489.73422409175,412083.0
277809.41537981253,271000.0
204308.8916995187,200000.0
185889.96141344905,174000.0
145554.6184784753,156500.0
201264.36184752142,204000.0
140763.6652717685,149350.0
130957.00104695957,137000.0
234638.09262357294,222500.0
170747.9477435984,166000.0
88126.08432633233,109500.0
99188.98879775204,122000.0
90713.65567993902,99900.0
267672.87169030093,249700.0
182300.31232783207,158500.0
141023.0479837101,139500.0
194162.018891075,202000.0
156242.94680205628,145000.0
129843.99034456366,108959.0
166623.18976880747,160000.0
134048.53391859817,128600.0
206124.12295031347,197900.0
179556.4983635451,172000.0
127777.70562007082,130000.0
214461.63823752935,195000.0
109999.72174921712,113000.0
212331.44840116435,209000.0
242106.18612294883,213500.0
123561.06030300417,126000.0
150307.63188029648,127500.0
321865.36901572364,334000.0
156373.96036168715,157000.0
108772.19612677117,125500.0
204636.81045935221,189000.0
189170.26449502693,173000.0
305186.8772599958,260000.0
226585.91615148608,212000.0
136202.5274404976,148000.0
152040.40267036538,136300.0
190786.15497311848,190000.0
111038.89839246457,139500.0
158133.96692283783,162000.0
94908.3223805497,100000.0
138253.36222621845,126500.0
259685.51293436027,301000.0
195957.7816937013,204750.0
85812.23183023137,90000.0
144822.47666183993,130000.0
166904.00918819747,155000.0
140426.7912407149,155000.0
126980.50075894338,131500.0
180413.20388672937,153000.0
306955.9735189599,306000.0
314750.97960531025,332200.0
274118.9017188086,293077.0
127011.28381271138,128000.0
154792.3908399875,152000.0
99952.1210976755,135000.0
131258.74345564336,117500.0
122117.70804153504,127500.0
323662.7789584471,373000.0
118020.86901774908,98000.0
229937.5617706744,203135.0
193873.95138396343,191000.0
97358.44750962673,98000.0
148384.5301176151,179000.0
250934.5821287321,245000.0
192708.95932547166,213250.0
78008.20487924012,89900.0
192695.50320887807,185000.0
105275.8610412828,113500.0
66838.09386541911,68000.0
202155.3728771632,201000.0
204516.3946438255,226700.0
483778.69805813336,500067.0
198568.34742023188,201490.0
155050.28184543393,155000.0
139002.37118503064,145000.0
143526.00507246843,128000.0
197735.42357312582,187000.0
134712.64134146465,145500.0
61426.47740725458,75000.0
219967.4161614592,217000.0
222487.89059940932,220000.0
161916.6503454143,165150.0
154066.22861098775,147000.0
234159.3538631615,203000.0
162788.07866319668,165500.0
70920.18699662223,67000.0
213276.45794397907,187000.0
171580.82729220076,180000.0
159321.97527534992,146500.0
239401.57403199634,270000.0
160439.72592624242,147000.0
144520.26951219398,132000.0
107928.02349352978,105000.0
124893.148320377,135900.0
430876.8444041851,538000.0
140349.52794038225,147000.0
328725.48545200436,325000.0
123244.7076221901,124000.0
126784.02967410245,137000.0
139863.91418882058,142900.0
148480.57390544793,147000.0
127174.62296802139,128000.0
148159.04961626593,144000.0
228340.3586624989,205000.0
170157.9350821672,167000.0
99958.75270841239,66500.0
313007.3833531517,315000.0
184600.5331538717,155835.0
251182.20454794882,239500.0
312971.590756486,300000.0
290732.24156817084,282000.0
123252.46677727984,120000.0
241914.13131649958,241500.0
317352.7415096089,336860.0
87406.3693433328,91000.0
211371.92222586155,207500.0
246307.69058876354,250000.0
173570.5098090289,167240.0
175782.47645969872,178000.0
129966.8929767415,127000.0
200605.0832983766,218500.0
122940.47813754463,135750.0
201873.00195869463,214000.0
254786.10126323308,257000.0
156618.55103620372,157000.0
93674.19222009557,102000.0
156585.73576016034,163500.0
222722.83986684933,204000.0
141128.98193157645,103500.0
178152.40588725242,200000.0
101635.51638043943,118000.0
215435.2285761804,235000.0
134577.3981695602,132500.0
235152.76341085427,221300.0
206658.56154755867,190000.0
200539.6396000236,222000.0
341818.7250865554,335000.0
248854.28557430574,257500.0
254958.04754494305,264132.0
131144.6911414329,130000.0
127664.0495446533,137000.0
104301.54407462628,99500.0
155624.32017295907,160250.0
135076.1967521818,130000.0
80292.0979081592,75200.0
135199.8578257594,131250.0
161257.8194189203,148000.0
125824.2523082955,124100.0
187851.7112587774,178400.0
117607.83689693772,150000.0
218875.26149950706,217000.0
233542.37738441472,252000.0
174740.12210112705,152000.0
142487.2349026829,132000.0
118906.94814521741,120000.0
340361.83300966246,338500.0
102995.5922985678,105000.0
220263.5927394151,175000.0
220654.08387201081,192000.0
206365.2540452249,195000.0
205587.52029770383,210000.0
201868.27872064465,211000.0
111087.06013207181,128000.0
171721.52953754907,180500.0
129414.51904387645,90000.0
127370.77010664195,138500.0
169145.85330913003,169985.0
121549.25773335277,146000.0
236277.00123510088,228000.0
147558.76752669655,159000.0
252373.38688917574,266000.0
132867.88483118967,139000.0
89958.69913982031,91900.0
221984.56912469555,212999.0
373588.34408417356,326000.0
172551.57027509154,179000.0
269528.03243954264,294000.0
103491.85157717355,97000.0
226029.66674228126,239799.0
159781.2773363784,161000.0
134071.1834814371,136500.0
116450.97705743882,118000.0
118617.47929547817,129500.0
181495.76407713376,205000.0
225729.50123752857,200624.0
281412.1201538672,322400.0
268663.7008600623,293200.0
283383.02048594283,266000.0
170040.89166547573,172500.0
141538.0730534469,124900.0
128806.39125194082,149000.0
203942.35193604798,185500.0
222031.35260566114,220000.0
226111.32120378216,225000.0
125485.24075069604,124000.0
81472.66655493542,92900.0
117387.7365763034,126500.0
110796.6467413746,111250.0
266650.0777386789,248000.0
121918.8903980118,136870.0
134711.83302254704,133000.0
125632.30860423803,135000.0
117620.21300197687,111900.0
144889.96405775793,140000.0
105314.03083621206,134432.0
462286.93407390715,455000.0
306627.25619800086,290000.0
228895.92830557734,235500.0
157149.57388489836,156500.0
177052.77365452834,172400.0
202798.77359264897,182000.0
363111.972489455,372397.0
229862.45658889328,260000.0
77312.3817557337,72000.0
84031.43911231012,82375.0
177524.2006109959,158000.0
122460.79656519619,127000.0
238959.8959594729,270000.0
287348.33921058156,316600.0
175832.3685759289,177000.0
277920.7687980313,271900.0
108287.6345382042,115000.0
150037.99177492433,122000.0
309497.0069923128,315000.0
200063.38764391438,213500.0
104636.29599653027,109500.0
97914.01798632616,115000.0
165935.3440224567,176400.0
171885.92621818892,185750.0
255154.81633660366,230000.0
97779.5732126469,90000.0
132801.90430747657,129500.0
172249.0000276487,153000.0
159566.4773553261,173733.0
134006.83685842145,146000.0
153693.2895481914,172500.0
202811.7057528436,188000.0
201624.5815928403,181500.0
224368.3841703571,212000.0
193164.68790373165,188900.0
64353.86616092873,64500.0
240353.61081225774,230000.0
134699.681251283,122000.0
127459.8892837832,133500.0
203373.68787686474,256000.0
127418.12424854808,129500.0
289648.08970317536,318000.0
247755.76674141016,255900.0
136184.77508624474,143500.0
297387.21353974123,259000.0
256133.33482848847,217000.0
181789.681493348,210000.0
130700.52993461672,148500.0
162789.03836944155,156932.0
145116.28955551796,145000.0
207623.35563899844,200000.0
465783.2302939801,450000.0
158605.2023490225,172500.0
227354.20909975618,240000.0
281199.24264209205,340000.0
232124.88842847472,201000.0
134308.39810973254,122000.0
217480.6345280436,213000.0
167586.21992067652,175000.0
183028.15499033098,195400.0
134776.8513666695,113500.0
132112.45040745105,140200.0
106782.2306890997,116000.0
317011.21704758017,359900.0
153654.824549991,157500.0
194771.86538327913,190000.0
109179.26682406296,100000.0
157436.97540557763,160000.0
206952.93141578013,203000.0
308397.2935800021,302000.0
132058.82294919938,143000.0
268092.0105649737,267000.0
103235.30284098056,103000.0
168984.59740482894,153500.0
170910.43357431135,171000.0
107119.34294928335,107000.0
135205.16748952933,128500.0
117448.64144443118,116000.0
144911.19402164372,160000.0
199515.62360444802,180000.0
122970.18263949719,133000.0
205966.7198921888,215000.0
150546.69279168194,177500.0
242481.28859884982,215000.0
133005.81165362746,150000.0
319164.65573416045,320000.0
160188.98726307778,167000.0
97630.86983160122,125000.0
74593.46591852642,65000.0
196310.82613001458,200141.0
225058.5584143308,235876.0
162876.38054948612,123000.0
130825.43555635386,137500.0
122245.19496932719,123600.0
159595.0452517175,160000.0
177590.43128827744,181000.0
115929.85388995698,125000.0
153104.13029755952,154000.0
216620.83392246373,231000.0
141862.3965733734,142000.0
397032.1747231531,475000.0
280986.2288648643,375000.0
103099.41838340068,115000.0
199423.32418781775,185000.0
131254.058768084,108500.0
151292.19961395743,147400.0
181042.12789549553,156000.0
133777.1153504089,120000.0
171669.15689045095,167000.0
186651.0430051093,191000.0
152379.96603730042,161500.0
153661.48686465257,130000.0
132471.06074980207,132500.0
148758.0963898036,144000.0
139099.48358156005,141000.0
117182.48299837306,117000.0
100692.82235773487,84500.0
218115.19738129847,256000.0
126377.31320809887,117500.0
152813.09568174835,160000.0
165809.28130537676,187000.0
346171.07348371163,350000.0
151908.6653215469,133000.0
398999.7422818989,417500.0
205754.13265441757,175900.0
309312.43730507634,323262.0
199889.97497614962,185000.0
130879.01779201206,129800.0
237519.40441457785,220000.0
134789.09234657077,133000.0
126713.03640784425,133500.0
177442.57060843086,170000.0
171020.95388527543,168000.0
142581.1255440029,140750.0
207314.64832562115,204000.0
208805.13625242203,222500.0
125565.09844414126,134500.0
230467.15251438285,214000.0
116290.8145547835,119900.0
108268.7646431246,118000.0
139573.63867328368,135000.0
171302.6038145116,207000.0
148276.66822687988,136500.0
106037.5911477418,107900.0
141679.7519636911,126000.0
188739.4772514268,215000.0
420878.14991171286,426000.0
150815.31336329688,147000.0
164619.74527538876,147500.0
387589.31135642016,383000.0
233196.84062553686,241500.0
164829.9016013899,147500.0
372331.0804503365,355000.0
101654.73352093603,109500.0
49574.89585180874,45000.0
244845.3018595394,244400.0
176973.083769852,167000.0
185369.85034620666,200000.0
82222.56455183311,80000.0
114174.90323074342,115000.0
151536.49999380283,139000.0
155015.6876195778,149500.0
105432.62761621516,108000.0
94834.1352642877,106250.0
190045.20713724918,194000.0
113356.45538640712,129500.0
141690.60027510973,126000.0
130010.54621316641,120000.0
218160.06755716517,213000.0
183548.35837016636,190000.0
176501.43441694946,183500.0
186170.82560165192,172000.0
115186.49113359393,100000.0
218146.5095404788,218836.0
163820.89801081942,163000.0
214299.71084828547,206580.0
168143.95446381258,163990.0
117721.67241956857,116500.0
192853.87493356882,188000.0
160450.40716668064,175000.0
213277.40326694696,182000.0
98269.43443692892,103000.0
495056.10026462295,466500.0
156943.72411158748,149500.0
139857.85840189556,142500.0
133173.33030605115,136500.0
145027.75258623186,137000.0
239049.41170374202,226500.0
202017.08721345646,171500.0
127551.00565853236,132500.0
82152.54800542883,87500.0
225021.60265907214,223000.0
197928.62756697906,174000.0
135091.67044177835,142000.0
226516.70826073692,232600.0
173408.66732713563,181000.0
156783.40791502688,151400.0
259249.35945102418,250000.0
193768.44733990377,196500.0
186312.53331800678,185000.0
140775.97335664276,113000.0
273612.70074835775,392000.0
124041.10864361127,127500.0
159009.9597200037,177000.0
230619.10870893512,265000.0
320456.92510336504,312500.0
314996.68826476025,325000.0
300444.6685517134,275000.0
270065.7369292579,290000.0
212686.34231219994,169000.0
89061.46567730024,89000.0
164574.84838110852,180400.0
307963.1781194875,284000.0
114965.6788782959,114500.0
223530.9896962689,212900.0
193378.04798009692,187100.0
164216.6915175996,176000.0
225605.42254583284,215000.0
185788.73867998843,185900.0
110046.75079525652,120500.0
183217.658206121,192140.0
140521.63830461053,130500.0
81719.53665461308,98000.0
380104.10983230494,475000.0
71930.55995170759,67000.0
308571.63113743305,325624.0
215494.7799640458,245000.0
142818.15930350788,159000.0
144812.56415840233,156000.0
507563.89940509864,555000.0
163990.235395155,162500.0
210135.6812338722,224500.0
191639.2301588817,133000.0
182760.4488378719,180000.0
121522.58714603419,134500.0
448225.86924355396,438780.0
167189.6088980137,165000.0
110507.83959312092,100000.0
187369.46410240955,176000.0
188192.9747636345,170000.0
190716.54541304364,174000.0
133839.326131928,127000.0
190362.359420096,185900.0
88682.29939736947,91300.0
215431.8483292216,200000.0
163643.92927915358,143000.0
179426.7714037859,172500.0
112822.68798246884,110000.0
138061.90644510323,140000.0
177147.0427323733,176432.0
171341.76144379846,179200.0
194256.68375819654,203000.0
241811.98504204885,248328.0
307246.59051251353,316500.0
113667.45077123035,125600.0
107689.79919027211,110000.0
91131.33498605737,108500.0
80413.64959316338,55993.0
146170.8447140225,129000.0
180370.03100774818,176000.0
154263.4170857332,154000.0
188952.26200231994,180000.0
127878.4649692903,134000.0
223487.80102752615,243000.0
277924.47113476315,270000.0
141707.20068239933,134000.0
309882.1332663948,260000.0
178294.0943105717,168675.0
168520.6070687207,160000.0
99675.84912487892,95000.0
178178.8759248775,173000.0
199840.277469632,187750.0
219604.04742534942,215000.0
127682.40033330796,120000.0
235996.65171862938,249000.0
176666.9117391438,164500.0
212380.98698671933,230000.0
144466.2740546587,140000.0
109312.26334236866,118900.0
230826.63153523178,239900.0
146562.40766622694,146300.0
120761.8521266489,124000.0
124565.88562468816,130000.0
178328.53384125535,179000.0
192698.78706424666,180500.0
73379.06219188657,80000.0
244879.27122867972,287090.0
90707.98201309747,97000.0
205012.42471064406,246990.0
145476.27725196615,154204.0
200279.30745026274,186000.0
105368.87641709489,111750.0
481930.71815884305,500000.0
175541.66848882564,177439.0
361895.3500212426,335000.0
193714.97608584582,205000.0
226347.43255835518,212000.0
248506.7101807732,246000.0
198260.42068252855,181900.0
128529.87551640537,130000.0
133977.78895133812,132000.0
222206.50336457105,220000.0
243597.4657935377,236500.0
237074.3100425809,263435.0
156806.49641752153,141000.0
204656.43584510585,213000.0
173985.11377704586,179781.0
229938.42049046236,234250.0
311768.20929895126,287000.0
277703.68799019005,257500.0
108295.20783901584,102000.0
122915.90093757138,139400.0
89870.57378029358,105000.0
297533.07920269435,268000.0
229006.97069598016,274970.0
180588.855597652,180000.0
166078.35927591898,161000.0
105660.03630194759,84900.0
118922.18736127378,119000.0
319786.52180528373,370000.0
174141.47264447753,175900.0
130935.43837749264,142953.0
228695.83220851736,279700.0
133943.18724115257,132000.0
338034.612503194,313000.0
100877.03838919269,108000.0
181518.3576545308,165400.0
170925.7612374883,187000.0
343106.02446479164,403000.0
182714.5525044408,195000.0
158311.72072565652,158500.0
257441.6396783037,255000.0
219307.10437634055,236500.0
123377.14169030581,129250.0
270623.16498647665,289000.0
129670.80252168217,100000.0
289613.2067305653,275000.0
222974.0148874922,207000.0
160378.09541586656,146000.0
113243.14026575326,116000.0
216069.8386420185,219500.0
187290.92359419746,173000.0
135013.46599132792,135000.0
225390.36155433516,213000.0
153000.52974657746,150000.0
195324.79140958327,194201.0
189130.590431183,181000.0
158019.49425835372,157900.0
227390.4564967653,217000.0
260202.37546758764,252000.0
191662.7654844973,197000.0
186462.54627832712,189500.0
120852.83401982415,116000.0
160335.2444037087,143000.0
120954.59318362881,119000.0
121956.96354858077,127500.0
180133.06584318224,200825.0
50157.9489422475,35000.0
292311.30094073224,292500.0
98268.94101506572,106000.0
74186.47805816338,85000.0
331941.1474792901,286500.0
140250.92980961577,127500.0
193201.12947313138,210400.0
267911.7624398505,274000.0
255033.60628799995,264966.0
68430.37343049965,50000.0
121987.4155687515,139000.0
255761.38155143772,300000.0
369881.502666187,345000.0
240360.8812631592,228000.0
173569.09165940544,165500.0
94916.43068959085,107000.0
269658.61336166767,286000.0
64386.53901889669,34900.0
110075.9813381832,115000.0
201437.00116840863,215000.0
142491.10664415354,179900.0
228727.64234643712,212000.0
235494.3994284982,250000.0
134170.07581695207,149000.0
186284.61601254475,188000.0
87805.91694720891,99800.0
197685.5443903102,159500.0
192563.09945818814,184500.0
281214.44173496997,276000.0
157693.56459680124,155000.0
165345.0038746811,160000.0
148550.866252168,157500.0
286294.7491703726,285000.0
157097.65239646749,145900.0
207957.3654360447,229000.0
86634.43442791441,79000.0
135650.40626606587,128500.0
270400.42655370495,286000.0
186341.8417003288,189500.0
109223.67994998037,102900.0
137706.7116240477,128500.0
172222.20445165064,156000.0
270125.6802410542,281213.0
197659.382282175,157500.0
185153.38121280106,196500.0
208269.13949307287,193000.0
136600.71697960675,132000.0
149610.9224431736,139900.0
139858.63097532163,148000.0
306362.9646756183,281500.0
333038.8552781414,342000.0
167286.1765620992,148000.0
145017.42061039116,140000.0
144323.3500210449,150000.0
275674.7193472715,279500.0
138955.9572649621,140000.0
154225.25277706806,145000.0
193097.18727189416,184000.0
187017.488490495,206000.0
83094.36507914025,85500.0
172226.26731016507,188700.0
179073.13272257606,200000.0
165756.02135567745,162000.0
100591.52108598044,108000.0
201889.92188356997,213000.0
307058.66027632414,318000.0
125226.45269451705,106000.0
190694.4432902135,235000.0
115057.65036555997,128950.0
164716.93962306404,163000.0
111498.53321338071,126000.0
164996.46776035824,200000.0
131470.1477910244,144000.0
123037.61713516607,141000.0
317268.6636426482,322500.0
202621.3803451665,224900.0
214021.17624025646,223500.0
97200.68220026848,112000.0
174292.39293395975,187500.0
64233.73474094406,61000.0
152360.00718361934,110000.0
60547.99844863161,52000.0
205594.21465460258,207000.0
123848.87172065834,130000.0
103222.33167518342,90000.0
138120.63703696377,130000.0
126674.96260489631,127000.0
278506.0741193037,320000.0
128099.5984740138,120000.0
196307.69880378724,181000.0
107628.70775491171,110000.0
92117.06499111997,94550.0
90622.34040139745,85500.0
141827.71978562046,153500.0
116982.18182572836,139600.0
145845.2078940886,143000.0
378372.7672273838,410000.0
200030.77638582236,200000.0
114173.27622156873,130000.0
159807.33594826583,154400.0
327550.5951493495,299800.0
94903.5450709554,63000.0
143805.30116521197,143000.0
134221.58881108023,137500.0
249119.23833816336,272000.0
174713.25922243696,173000.0
257449.34922647208,245000.0
116815.65521743167,140000.0
302853.11271875,383970.0
137646.47276601937,125000.0
134566.60558703457,133000.0
228865.34535111734,244600.0
130418.3408233563,139000.0
110818.968443451,112900.0
105292.41844777584,111000.0
173002.69687836265,166000.0
221999.22302805693,239000.0
211518.91284609848,209200.0
178483.65295038157,175000.0
261471.98282473272,269500.0
230445.44207269183,225000.0
267070.71666779293,275000.0
120672.0531452836,105000.0
140356.21709350863,159950.0
124741.27957270932,135000.0
358853.44318420335,345474.0
113016.16472803053,102000.0
237786.66781111766,198000.0
300170.65143604105,339750.0
153090.94860036412,170000.0
113427.14606594299,94000.0
188890.12977553337,203160.0
255633.79902723266,291000.0
199489.02209918713,200000.0
137102.39312074962,119000.0
38017.10393692,39300.0
65847.1808459611,55000.0
209218.43824895823,205000.0
102387.23226282584,108000.0
146715.1777859091,143000.0
234477.12086851493,197000.0
202990.33280547184,205950.0
175995.8055533852,175000.0
291455.8167547921,301000.0
207957.00127095048,230000.0
184780.93114344706,171750.0
100473.40598265539,120000.0
121771.05478315025,110000.0
154470.68425576907,144500.0
141491.12052952882,155000.0
112412.89818513818,125000.0
169912.49822459073,156500.0
162996.09767789653,151000.0
137853.6138654341,135000.0
82759.16698739276,79400.0
198518.05017985147,213000.0
216478.00729480456,202900.0
198791.42624791653,211000.0
116760.3010038777,130000.0
158256.39604745287,137450.0
148402.86577284188,150000.0
107254.20282815938,95000.0
163906.08717165893,179400.0
173698.77933805189,212109.0
120765.71660001698,98600.0
164793.85334371787,216000.0
299148.07097535994,300000.0
280397.7607981034,328000.0
134429.715454179,139000.0
165783.73332685424,164000.0
117558.43406977408,123900.0
125788.23731427293,116500.0
188100.77811403782,177000.0
106160.31626685563,99500.0
179548.8571977177,174190.0
153112.50636835434,151000.0
134711.83302254704,143750.0
133092.15626779912,131900.0
165935.5862557464,157000.0
139402.9722798736,147000.0
196264.63530221576,188500.0
226003.1742548563,185850.0
111350.13139316485,126000.0
120593.50983263175,118000.0
315583.229669574,319900.0
144141.41778463195,142500.0
130091.95045891669,129900.0
194633.16439455652,202500.0
134018.82859889977,131000.0
223755.22895262204,185000.0
142986.45546474474,138000.0
115552.21989473718,114504.0
131388.01642709266,113000.0
117650.81183334206,125500.0
162593.72117388045,165000.0
101785.42364186964,79000.0
156400.78541895686,152000.0
166017.87765376948,159000.0
126319.24285419742,141000.0
180307.94590053454,167000.0
120526.52705456932,132000.0
198505.72456515007,179900.0
110463.59524708425,122000.0
139275.17427223132,127000.0
182815.48175863197,190000.0
160064.76497894817,158450.0
166107.97900784318,175000.0
347400.1270248142,377500.0
127986.77924310688,138400.0
236926.51281794647,260000.0
357176.2969020918,440000.0
170738.036334182,178000.0
130427.94386191541,138500.0
120085.8138746728,132000.0
135124.74110083585,149900.0
130187.32917398032,108000.0
118020.7069356948,110000.0
122240.94265110945,124000.0
91470.50832767744,103200.0
207674.98147478348,194000.0
112382.3931157844,108000.0
110467.17727607118,122000.0
165091.52504616734,148400.0
105892.6571284409,60000.0
228313.54259352025,226500.0
58100.05023227048,35311.0
125703.48042392336,127500.0
125969.95205431843,137500.0
150652.35352710582,147000.0
326722.7986190363,309000.0
329619.3591664322,315000.0
151028.17175069128,147000.0
238092.03877173836,264561.0
116830.13205547108,130000.0
164011.80551570453,177000.0
116176.62317244767,119000.0
160438.2864451244,157000.0
133966.53535336792,158000.0
124096.8378473536,115000.0
115228.10958044016,120750.0
212375.30774725304,216000.0
82633.65571975622,75000.0
198442.1150407112,192000.0
148521.44995798025,160500.0
216749.725030492,279500.0
140678.97872140983,148000.0
146957.8221361544,145000.0
338012.938199265,310000.0
142638.66054896038,165000.0
382884.31731267745,402000.0
235956.60146576798,250000.0
79325.84768522419,73000.0
133227.82600659842,136000.0
275236.7093671853,282500.0
244238.8393185067,221500.0
177341.33207302098,170000.0
141883.5272083259,163000.0
300244.8248659371,290000.0
296905.66066814127,330000.0
101039.82930185412,111000.0
203691.82557604022,214000.0
133972.25744596976,137500.0
236518.7923354804,240900.0
235978.57656638903,190000.0
235489.64745999826,250000.0
211292.8845446389,218000.0
240685.74519817767,255000.0
224697.6697384189,240000.0
270015.5432960218,360000.0
181418.58431202293,179900.0
186153.01372413966,200500.0
78724.15462294007,37900.0
206878.90781534006,180500.0
351323.84255382314,269500.0
211596.69985500167,225000.0
134931.30587695757,141000.0
337902.89396272623,335000.0
170371.68825569507,150000.0
350696.36251129163,385000.0
221568.96875653497,205000.0
188021.15946240228,206000.0
191457.42564175485,179600.0
108329.14115419479,102000.0
159136.13083128957,175000.0
151007.3716156881,159000.0
142519.48817781408,135000.0
150704.39766116408,136900.0
134968.4648667347,135000.0
313003.35804850195,337000.0
247590.25264244707,250000.0
288637.5431532601,306000.0
148690.52444911914,179000.0
157659.80369419054,146000.0
157940.24629093843,161000.0
213929.88213812248,205000.0
201503.50279957417,241500.0
114378.30136017571,118500.0
129250.69488263782,130000.0
120911.90682136343,130000.0
449807.5901475859,535000.0
112148.50043312229,123000.0
75588.29601892667,82000.0
130917.02615588006,132000.0
108186.54357266719,108480.0
153872.02314287407,165000.0
184997.25019190455,181000.0
143222.76101512095,165000.0
143684.30846131916,161000.0
208922.73368806133,199000.0
219545.81251006,214900.0
210040.02338163785,198600.0
254733.06227720855,258000.0
327831.94388575415,269500.0
168890.8671474014,176000.0
174198.4602675048,158000.0
199821.6940969415,184100.0
166231.90066349666,170000.0
214918.9404087807,208000.0
135835.9901209557,140000.0
265417.51481942966,230000.0
241708.5175053401,188500.0
165220.49069455807,194000.0
129377.7675122711,133000.0
133211.3149043603,140000.0
195792.33708405358,207500.0
232170.1895521862,256900.0
109651.45399421047,109000.0
114978.14353365819,113722.0
265064.5448981349,237000.0
143018.30114200688,142100.0
160395.49337145098,149900.0
379207.9008767192,404000.0
304846.5127397894,277500.0
167382.02622567627,178000.0
228285.88820882974,254000.0
62863.656221544385,12789.0
170334.0134938642,176000.0
351819.40937019564,342643.0
115041.871177225,125500.0
187219.34221814226,150000.0
243390.74698649283,261329.0
149416.6541790464,141000.0
150229.33149781634,153000.0
192688.390053932,172500.0
146760.44491675493,153575.0
102358.63166303615,124900.0
373157.0505942667,415298.0
123067.29688035035,119000.0
251352.46989729436,227000.0
152998.87893841747,145500.0
58263.24272350005,61500.0
211723.68978562497,192100.0
130665.93759653436,116000.0
153230.70652728828,145000.0
424108.8991439153,445000.0
149570.0792179937,150500.0
172056.52634784617,175900.0
167287.0529868069,167900.0
225882.57762394095,219210.0
190507.3403274219,189000.0
135598.8582254449,136500.0
137967.15491822042,137900.0
91932.09451595876,85000.0
148066.89777911358,137900.0
193468.63017326297,195500.0
131451.52297386885,128000.0
140435.84583575898,135000.0
142987.9953056407,143195.0
98828.73283637656,79500.0
199130.5338761369,192500.0
121264.54209465388,129500.0
171428.69523892878,168000.0
132772.58658816112,105000.0
141442.55306696598,143250.0
143096.1876056607,144000.0
243627.19229315812,205000.0
154513.30510544791,143000.0
251149.56647893554,290000.0
444775.99839377106,611657.0
147425.19278008118,152000.0
203273.23290034477,191500.0
308229.2638249151,317000.0
182463.58611562863,165250.0
118773.90122675717,123000.0
196583.2894507214,185000.0
137584.1260397895,120000.0
167034.4310849393,158500.0
169465.5494772951,173000.0
99264.93600283339,101800.0
161552.1172194911,155000.0
106615.65078139062,125000.0
88342.49063411012,104500.0
345286.5884884804,350000.0
83420.58570254435,93500.0
208559.94961640387,193000.0
214976.44368639594,191000.0
102346.21737226736,110000.0
263161.8933838527,261500.0
125119.22910208565,128900.0
473550.5622476686,584500.0
107544.08616487069,111000.0
111696.95777693423,90000.0
172035.88246706504,129000.0
219849.6666799921,224000.0
158811.8017643985,165000.0
124968.1493103048,122000.0
232012.82790804715,267300.0
422100.5565284253,485000.0
182975.19752294858,220000.0
197232.29936042262,215700.0
320893.5956843969,280000.0
284265.8962030019,284000.0
81237.36039724309,84500.0
187750.2771477794,192000.0
103064.70798243277,105000.0
226364.16153855508,216837.0
147417.8737150732,141500.0
137744.73550972258,130000.0
119807.66462453488,124000.0
151302.07997067255,150909.0
148545.73063004768,139500.0
97466.78115488049,79275.0
230981.16919797985,265900.0
98484.32254899306,91000.0
195313.95735861122,185000.0
142218.04110399133,141000.0
280800.5748891975,260116.0
82096.6385656622,113000.0
247429.86814992453,225000.0
104405.69112447114,113000.0
138850.14548675204,125200.0
334342.52798248007,319500.0
139567.81722811243,140000.0
225547.20402775743,250764.0
285377.7348524715,250000.0
167683.95155433944,176000.0
181542.95286530087,174850.0
149667.41823890142,147000.0
126331.02281430703,99500.0
387111.3285461862,398800.0
176243.41121513327,175000.0
112864.3883344057,109500.0
173722.39104914278,163500.0
85491.60714533049,100000.0
400429.31231461756,334000.0
122282.41234185574,137250.0
278794.2309884769,320000.0
171081.2189141917,162000.0
243173.71374012047,222000.0
191770.65755040527,178000.0
107584.9143830788,119000.0
146412.88182892275,169500.0
226319.70364658866,236000.0
265750.7676972179,294464.0
188780.49701173077,206900.0
224942.36987592594,233000.0
110387.1920099802,108000.0
167090.61709185844,165000.0
138525.02710090554,134900.0
112397.51173247228,113000.0
155699.92895998157,147900.0
91844.18237291912,99900.0
147140.50485044913,143000.0
123210.80855628052,114500.0
122675.15595699889,129200.0
274182.2507507146,392500.0
268350.5603832281,266500.0
169317.9313966075,177500.0
134816.63814260374,139500.0
167589.30766345252,170000.0
212596.31945925133,224500.0
299172.41715328634,290000.0
157562.37240717496,169500.0
230201.57070404058,240000.0
139756.43243204983,144000.0
164139.72722615767,165000.0
150655.8844175969,145000.0
123427.66701233762,114000.0
292394.9699286595,395000.0
106057.63236370373,105500.0
261023.53008219122,254900.0
107306.2392547487,102000.0
217434.12323594122,230000.0
138685.83309041132,137500.0
125024.03292202015,138000.0
152962.83651718945,156500.0
122166.99127697035,124500.0
212099.69426194142,190000.0
177986.7352129063,159895.0
184203.62975726044,189000.0
108870.86953326123,124000.0
160801.76871688836,121500.0
146774.13495316007,146000.0
217775.05900049885,235000.0
264351.6355900769,300000.0
86970.4542535133,90500.0
148731.47262478474,142600.0
213023.6394525258,227000.0
224355.2512440759,205000.0
242606.85273670653,246900.0
86546.0271336337,89000.0
104657.86863376947,64000.0
181538.66129284108,170000.0
411172.0981306547,582933.0
117564.54946766874,110500.0
122293.44300891666,110000.0
115877.81069913304,118000.0
267242.9517203887,284000.0
168893.08604435343,171000.0
205492.26219145098,193000.0
153300.6684242085,135000.0
164690.09256871027,167000.0
91441.06106889223,105000.0
211840.92851787832,214000.0
291263.5515756202,279000.0
188342.34352379822,184500.0
113010.06924129331,120000.0
184815.564298264,171500.0
159242.6858644107,164700.0
215805.67022568366,209000.0
190870.3602460265,225000.0
88203.7821296615,81000.0
294848.9843183951,336820.0
256597.1942798958,277000.0
115283.76487619487,117600.0
165477.86012464025,140000.0
339751.7178564381,395039.0
171454.33636382656,181755.0
194131.4638525396,186800.0
173779.2158328431,177500.0
102031.97843244701,64500.0
230947.7450936603,260000.0
181381.0834363021,185485.0
110132.51470917596,105000.0
180367.39148472704,187000.0
233185.40294789238,202500.0
255408.86481850516,245700.0
137862.6584086707,128000.0
262736.84784832504,275500.0
220752.9975503141,225000.0
129899.814152961,138000.0
96771.14002513544,88000.0
356191.18297026807,380000.0
262749.72602139704,256000.0
133251.3308930194,134800.0
118348.34244043202,121000.0
216807.7353617364,227875.0
231635.97571572568,245350.0
96403.07213451061,93500.0
91779.18262186875,83000.0
272876.4073954729,240000.0
99275.08486428342,113000.0
153472.75666881254,155000.0
148350.03252748513,142000.0
123371.92494045982,119000.0
185360.81493765232,160000.0
182932.2082052216,193000.0
291367.2479237936,263000.0
203716.98300135342,164990.0
116930.44294617377,119000.0
230034.79774672515,238500.0
273137.36581084726,280000.0
215350.08534248674,193800.0
131631.70171078804,129900.0
137725.1980656547,145000.0
266244.5464555029,275000.0
79082.15360981601,81400.0
124618.8842556145,125000.0
80367.88995931558,80000.0
118482.59936610966,104000.0
248810.04335838466,260400.0
204424.54340452325,176000.0
123795.69305304623,123000.0
316013.8524762872,291000.0
151124.40511235208,132000.0
161802.64118100487,176000.0
165728.02209157223,177625.0
131576.34703380187,104900.0
197281.60958737702,196000.0
286423.93215411284,280000.0
169688.1403016327,168500.0
172937.52090310978,170000.0
133720.58683736785,130000.0
162466.88290924433,150000.0
149870.0742341464,145000.0
164769.69070905528,188000.0
178079.25950780668,169000.0
135409.14841830422,155000.0
194087.06378795535,196000.0
216414.9910625504,219500.0
159892.90762647957,170440.0
141587.95093276835,159500.0
189908.76325050162,174000.0
182881.74304610403,167000.0
147344.8933835692,148500.0
130639.11670531378,147983.0
137378.3331137183,120000.0
146535.52948320867,157000.0
104816.3633014829,91500.0
86786.55958596453,85000.0
144624.74097628557,140000.0
132714.0192186496,127000.0
191313.74159196447,207500.0
290409.0101648354,415000.0
199974.01327273838,193000.0
160409.3191697674,174000.0
193796.12879469534,152500.0
178782.24737371542,183000.0
149375.3617783734,136500.0
219191.96262670628,231500.0
129937.17101680115,123500.0
135896.45741733286,135500.0
142103.41492420287,133500.0
132391.92113276562,124000.0
284479.4101629956,280000.0
321650.76703926205,333168.0
282497.59922429756,270000.0
123378.10802020102,128500.0
174197.33389424777,172000.0
136531.06793140428,130000.0
198017.78965901225,196000.0
89774.60677974053,87000.0
102324.87877922873,128250.0
214840.20522765937,210000.0
191209.30090004005,220000.0
128687.80773804868,128000.0
140957.09416204074,135000.0
176400.94182061235,228500.0
123615.92064078042,134000.0
145605.4453576303,157500.0
283160.36048374063,263550.0
197350.05162111993,182900.0
267806.05761360424,222000.0
104221.69228673347,146000.0
131265.27692363466,153500.0
375664.42112040403,315000.0
308705.06447114836,315000.0
271144.96236488427,257000.0
149712.28122134635,173000.0
152308.69799009713,169000.0
383703.61442905146,382500.0
228268.30359333553,230000.0
152054.1722573408,153000.0
125513.82401321895,123000.0
214296.79118494107,207000.0
298399.7777324713,295000.0
143266.0239463734,149000.0
213749.92879426852,216500.0
111050.6102456302,112000.0
119572.92008633634,134500.0
181475.34367098444,187687.0
84915.44070881748,68400.0
166545.3084526878,143500.0
237654.08199416057,275000.0
202731.49281233453,171000.0
219836.79890417831,244000.0
129025.66475572473,130000.0
265855.0720257595,253000.0
57524.39821534391,52500.0
176125.71803778788,185000.0
177889.0936111174,167800.0
314657.7767996241,274900.0
212774.32475749782,187500.0
234676.28331924,253000.0
111461.10931327005,105000.0
187203.40489808057,174500.0
216704.97988995907,210900.0
130786.98073895641,127000.0
224345.17919285942,207000.0
190051.96769205603,154000.0
519002.3768363867,591587.0
168420.4486165526,180000.0
129975.44226351498,124000.0
225436.50884859206,204000.0
155373.17202528677,145000.0
172941.22992748467,178900.0
304468.67647425673,348000.0
159328.7200992911,162500.0
125741.96914973577,119900.0
185689.22015988748,176500.0
108286.0964698267,118000.0
104449.68552589181,110000.0
215700.38680141635,221000.0
330100.4015088756,340000.0
187864.18349987306,167500.0
281107.1255478805,255000.0
173942.20943873154,170000.0
127398.7765405906,145000.0
85405.05231599575,81000.0
202971.1982809292,176500.0
290152.5399249235,307000.0
181606.6448630748,190550.0
246044.57489871446,260000.0
139096.9582389346,137500.0
160270.2557330359,147000.0
138896.03288669055,131400.0
325511.8849972473,316000.0
144490.2811623864,139000.0
143408.47516719904,172500.0
140417.58697897795,138887.0
208552.67740280795,235000.0
106023.05836872301,109500.0
108102.35064028708,107000.0
200170.0211292332,192500.0
216999.94522032404,215000.0
152235.68557539015,144100.0
127098.1348828582,127500.0
229849.31967837614,225000.0
330833.22870191257,372402.0
125661.02387866212,144000.0
164899.84983975024,176500.0
111701.79008579475,112000.0
100311.70694768621,100000.0
85675.07921238619,88000.0
140643.64633334932,136905.0
102400.15632893897,97500.0
46301.139266318445,51689.0
150106.94910566785,142000.0
241235.92594541414,250000.0
235191.35702757197,243500.0
198086.01070084883,184500.0
205085.2202502606,210000.0
128748.82851983714,129000.0
60235.11775824138,82000.0
179437.55466230132,181000.0
158812.65193563997,167000.0
188308.53942746136,173000.0
186801.9216874522,195800.0
229344.4970130678,223000.0
217227.00368422363,192000.0
188388.7713493588,197000.0
304510.5997648249,298236.0
201798.82139362572,238000.0
122463.21600186115,119000.0
244791.7956427078,262500.0
349762.9050754309,425000.0
91397.04077932879,102776.0
162890.73095210898,149900.0
170076.68613063262,190000.0
178004.37007807623,162500.0
206686.14234195324,217000.0
116611.35643838454,137500.0
277247.6113351343,270000.0
129115.45770134788,142500.0
144890.12784118473,161000.0
89326.35159244806,93900.0
207029.83217445592,225000.0
419958.70517667953,412500.0
92808.12460719713,83000.0
132744.06235227035,128000.0
175162.71720863378,182000.0
343978.1342662782,394617.0
271633.14636132726,298751.0
101353.47835167627,82500.0
170602.29508179857,177000.0
130856.30380334912,144000.0
184435.58336261343,189000.0
